{
  "version": "6",
  "dialect": "sqlite",
  "id": "c24a8c3b-c39f-4bb9-a057-0730590d1473",
  "prevId": "00000000-0000-0000-0000-000000000000",
  "tables": {
    "courses": {
      "name": "courses",
      "columns": {
        "id": {
          "name": "id",
          "type": "text",
          "primaryKey": true,
          "notNull": true,
          "autoincrement": false
        },
        "name": {
          "name": "name",
          "type": "text",
          "primaryKey": false,
          "notNull": true,
          "autoincrement": false
        },
        "description": {
          "name": "description",
          "type": "text",
          "primaryKey": false,
          "notNull": false,
          "autoincrement": false
        },
        "period": {
          "name": "period",
          "type": "text",
          "primaryKey": false,
          "notNull": true,
          "autoincrement": false
        }
      },
      "indexes": {},
      "foreignKeys": {
        "courses_period_period_courses_id_fk": {
          "name": "courses_period_period_courses_id_fk",
          "tableFrom": "courses",
          "tableTo": "period_courses",
          "columnsFrom": [
            "period"
          ],
          "columnsTo": [
            "id"
          ],
          "onDelete": "cascade",
          "onUpdate": "no action"
        }
      },
      "compositePrimaryKeys": {},
      "uniqueConstraints": {},
      "checkConstraints": {}
    },
    "period_courses": {
      "name": "period_courses",
      "columns": {
        "id": {
          "name": "id",
          "type": "text",
          "primaryKey": true,
          "notNull": true,
          "autoincrement": false
        },
        "description": {
          "name": "description",
          "type": "text",
          "primaryKey": false,
          "notNull": false,
          "autoincrement": false
        }
      },
      "indexes": {},
      "foreignKeys": {},
      "compositePrimaryKeys": {},
      "uniqueConstraints": {},
      "checkConstraints": {}
    },
    "carreer_courses": {
      "name": "carreer_courses",
      "columns": {
        "carreer": {
          "name": "carreer",
          "type": "text",
          "primaryKey": false,
          "notNull": true,
          "autoincrement": false
        },
        "courses": {
          "name": "courses",
          "type": "text",
          "primaryKey": false,
          "notNull": true,
          "autoincrement": false
        }
      },
      "indexes": {},
      "foreignKeys": {
        "carreer_courses_carreer_carrers_id_fk": {
          "name": "carreer_courses_carreer_carrers_id_fk",
          "tableFrom": "carreer_courses",
          "tableTo": "carrers",
          "columnsFrom": [
            "carreer"
          ],
          "columnsTo": [
            "id"
          ],
          "onDelete": "cascade",
          "onUpdate": "no action"
        },
        "carreer_courses_courses_courses_id_fk": {
          "name": "carreer_courses_courses_courses_id_fk",
          "tableFrom": "carreer_courses",
          "tableTo": "courses",
          "columnsFrom": [
            "courses"
          ],
          "columnsTo": [
            "id"
          ],
          "onDelete": "cascade",
          "onUpdate": "no action"
        }
      },
      "compositePrimaryKeys": {
        "carreer_courses_carreer_courses_pk": {
          "columns": [
            "carreer",
            "courses"
          ],
          "name": "carreer_courses_carreer_courses_pk"
        }
      },
      "uniqueConstraints": {},
      "checkConstraints": {}
    },
    "carrers": {
      "name": "carrers",
      "columns": {
        "id": {
          "name": "id",
          "type": "text",
          "primaryKey": true,
          "notNull": true,
          "autoincrement": false
        },
        "name": {
          "name": "name",
          "type": "text",
          "primaryKey": false,
          "notNull": true,
          "autoincrement": false
        },
        "description": {
          "name": "description",
          "type": "text",
          "primaryKey": false,
          "notNull": false,
          "autoincrement": false
        }
      },
      "indexes": {},
      "foreignKeys": {},
      "compositePrimaryKeys": {},
      "uniqueConstraints": {},
      "checkConstraints": {}
    }
  },
  "views": {},
  "enums": {},
  "_meta": {
    "schemas": {},
    "tables": {},
    "columns": {}
  },
  "internal": {
    "indexes": {}
  }
}